ensembl_gene_id,p_val,log2FC,pct.1,pct.2,p_adj_Bon,fdr,hgnc_symbol,gene_biotype
ENSG00000013588,2.3391666874717E-17,-0.337227552740368,0.663,0.793,2.91483560925848E-13,2.91483560925848E-13,GPRC5A,protein_coding
ENSG00000115457,1.00432039209658E-15,0.288248159002183,0.876,0.794,1.25148364059155E-11,6.25741820295776E-12,IGFBP2,protein_coding
ENSG00000137673,7.18858111144472E-15,-0.405288123041353,0.303,0.466,8.95769092297126E-11,2.98589697432375E-11,MMP7,protein_coding
ENSG00000182899,4.86592604761873E-13,0.190529550718991,0.987,0.987,6.0634304479377E-09,1.51585761198443E-09,RPL35A,protein_coding
ENSG00000204525,4.13805181607544E-12,-0.349712487810088,0.966,0.962,5.1564263680116E-08,1.03128527360232E-08,HLA-C,protein_coding
ENSG00000026025,1.29790651840605E-11,-0.356242677992961,0.969,0.978,1.61732131258578E-07,2.6955355209763E-08,VIM,protein_coding
ENSG00000162545,1.59919093237099E-11,-0.280919930470738,0.796,0.876,1.99275182082749E-07,2.84678831546784E-08,CAMK2N1,protein_coding
ENSG00000206503,1.41734608880479E-10,-0.309769498644812,0.983,0.981,1.76615496125965E-06,2.20769370157456E-07,HLA-A,protein_coding
ENSG00000234745,1.63552066008387E-10,-0.601268211465406,0.826,0.866,2.0380222945305E-06,2.26446921614501E-07,HLA-B,protein_coding
ENSG00000212993,3.434141013654E-10,0.0366514525774304,0.064,0.003,4.27928311711425E-06,4.27928311711425E-07,POU5F1B,protein_coding
ENSG00000163220,9.67431830793478E-10,0.326753493757999,0.631,0.506,1.20551680435175E-05,1.0959243675925E-06,S100A9,protein_coding
ENSG00000166710,1.88639771950959E-09,-0.275078802728097,0.977,0.974,2.3506401982809E-05,1.95886683190075E-06,B2M,protein_coding
ENSG00000170421,2.32171037491888E-09,-0.20013641342812,0.99,0.999,2.89308329818641E-05,2.22544869091263E-06,KRT8,protein_coding
ENSG00000177469,6.6701492884824E-09,-0.21074193994105,0.869,0.915,8.31167302837792E-05,5.93690930598423E-06,CAVIN1,protein_coding
ENSG00000182718,7.43351465641332E-09,-0.12685947449977,0.988,0.997,9.26290261335664E-05,6.17526840890443E-06,ANXA2,protein_coding
ENSG00000148346,7.93625064443973E-09,-0.368414612560852,0.634,0.713,9.88936192803635E-05,6.18085120502272E-06,LCN2,protein_coding
ENSG00000154978,3.05252936495726E-08,-0.198208672102911,0.704,0.769,0.000380375684167324,2.23750402451367E-05,VOPP1,protein_coding
ENSG00000132470,3.84342171392734E-08,-0.240824539391063,0.657,0.734,0.000478928779772485,2.66071544318047E-05,ITGB4,protein_coding
ENSG00000103187,4.96147317211157E-08,-0.150748627688919,0.971,0.963,0.000618249171976823,3.25394301040433E-05,COTL1,protein_coding
ENSG00000186832,6.5614245858392E-08,-0.374982406089823,0.746,0.809,0.000817619117641423,4.08809558820711E-05,KRT16,protein_coding
ENSG00000135447,9.59018493392033E-08,0.139670753029206,0.401,0.276,0.00119503294461581,5.69063306959911E-05,PPP1R1A,protein_coding
ENSG00000106211,1.11111533983331E-07,-0.274788442139266,0.877,0.896,0.00138456082496629,6.15767936309143E-05,HSPB1,protein_coding
ENSG00000167755,1.13655906709817E-07,-0.178406333033683,0.973,0.968,0.00141626625351103,6.15767936309143E-05,KLK6,protein_coding
ENSG00000132432,1.24863741809691E-07,-0.146786506565127,0.999,1,0.00155592708669056,6.48302952787735E-05,SEC61G,protein_coding
ENSG00000108826,2.2961046167031E-07,0.155886364680267,0.851,0.784,0.00286117596287373,0.000114447038514949,MRPL27,protein_coding
ENSG00000008018,2.49025836731589E-07,-0.139168092041569,0.94,0.949,0.00310311095151233,0.000114930035241198,PSMB1,protein_coding
ENSG00000188001,2.45653853821701E-07,0.0800924223602937,0.19,0.099,0.00306109267247221,0.000114930035241198,TPRG1,protein_coding
ENSG00000179862,2.58524492395038E-07,0.260811326917999,0.98,0.979,0.00322147369973457,0.000115052632133378,CITED4,protein_coding
ENSG00000100097,3.20282798114414E-07,-0.176169277357859,0.992,0.999,0.00399104394730372,0.000137622205079439,LGALS1,protein_coding
ENSG00000134986,3.68743008286535E-07,0.146592659421339,0.671,0.574,0.00459490662625852,0.000153163554208617,NREP,protein_coding
ENSG00000182196,6.69159697063073E-07,0.108788124706596,0.966,0.96,0.00833839898510295,0.000268980612422676,ARL6IP4,protein_coding
ENSG00000167815,7.06856601917479E-07,0.117830729197373,0.977,0.976,0.00880814011649371,0.000275254378640428,PRDX2,protein_coding
ENSG00000126709,7.89414181747632E-07,-0.115630189915205,0.093,0.176,0.00983689011875725,0.00029808757935628,IFI6,protein_coding
ENSG00000143977,9.11112323130458E-07,0.116662244332514,0.979,0.96,0.0113533706585286,0.000333922666427313,SNRPG,protein_coding
ENSG00000171208,1.25379233584369E-06,-0.196170310770713,0.775,0.853,0.0156235062969482,0.000446385894198519,NETO2,protein_coding
ENSG00000112769,1.38417696869889E-06,0.170184309980518,0.885,0.846,0.0172482292069569,0.000479117477971024,LAMA4,protein_coding
ENSG00000089280,1.53006405463959E-06,-0.148796939575732,0.979,0.987,0.019066128184864,0.000515300761753081,FUS,protein_coding
ENSG00000124610,1.68828014134808E-06,0.295100172798619,0.714,0.624,0.0210376588413384,0.000553622601087853,H1-1,protein_coding
ENSG00000164104,2.29790687855052E-06,0.158702743434517,0.936,0.891,0.028634217613618,0.000734210708041488,HMGB2,protein_coding
ENSG00000197061,2.81784067525188E-06,0.378905926164313,0.991,0.982,0.0351131126543137,0.000877827816357842,H4C3,protein_coding
ENSG00000204262,2.99250312964843E-06,-0.111929606246841,0.043,0.103,0.037289581498549,0.000909501987769489,COL5A2,protein_coding
ENSG00000135046,3.10268873924624E-06,-0.147921468271965,0.987,0.979,0.0386626043797474,0.000920538199517796,ANXA1,protein_coding
ENSG00000135480,3.42674015744773E-06,-0.106360377237901,0.993,0.994,0.0427006091019562,0.000993037420975726,KRT7,protein_coding
ENSG00000169908,3.55317326716207E-06,-0.183519784332433,0.842,0.897,0.0442760920821065,0.00100627482004787,TM4SF1,protein_coding
ENSG00000111786,3.90549446079615E-06,0.108354404964727,0.961,0.963,0.0486663664759808,0.00105796448860828,SRSF9,protein_coding
ENSG00000113389,3.90434929312039E-06,0.275633609000478,0.533,0.443,0.0486520965415732,0.00105796448860828,NPR3,protein_coding
ENSG00000175315,4.52832889805337E-06,-0.295379918839332,0.631,0.696,0.056427506398643,0.00120058524252432,CST6,protein_coding
ENSG00000091436,4.66987537338973E-06,0.162623460885535,0.898,0.899,0.0581913170278094,0.00121231910474603,MAP3K20,protein_coding
ENSG00000164485,6.45711805176774E-06,0.127335818446856,0.388,0.291,0.0804621480430778,0.00164208465394036,IL22RA2,protein_coding
ENSG00000122641,6.78654322334932E-06,-0.142564013184309,0.447,0.547,0.0845671151061559,0.00169134230212312,INHBA,protein_coding
ENSG00000146648,7.14431995289602E-06,-0.197765413482041,0.998,0.996,0.0890253709330373,0.00172088836292342,EGFR,protein_coding
ENSG00000173156,7.18130124966039E-06,0.116999022083182,0.921,0.907,0.0894861948720181,0.00172088836292342,RHOD,protein_coding
ENSG00000104979,7.4850342762402E-06,0.108617046576784,0.963,0.954,0.0932710121162292,0.00175983041728734,C19orf53,protein_coding
ENSG00000135940,1.02209307231978E-05,0.0875904186626943,0.988,0.994,0.127363017741768,0.00235606428029528,COX5B,protein_coding
ENSG00000198176,1.03991281130118E-05,0.105285160005466,0.904,0.881,0.12958353541624,0.00235606428029528,TFDP1,protein_coding
ENSG00000139714,1.11890757613901E-05,0.079733968397183,0.662,0.559,0.139427073062682,0.0024897691618336,MORN3,protein_coding
ENSG00000148773,1.23010382939053E-05,0.21996584346235,0.875,0.829,0.153283238180353,0.00268917961719918,MKI67,protein_coding
ENSG00000101639,1.3119505913609E-05,0.140851026665033,0.587,0.479,0.163482163189481,0.00277088412185561,CEP192,protein_coding
ENSG00000177700,1.29365553200595E-05,0.0952796868798513,0.978,0.971,0.161202415843261,0.00277088412185561,POLR2L,protein_coding
ENSG00000065054,1.47952553102231E-05,0.123220646189046,0.812,0.776,0.18436367642069,0.00302115144090001,SLC9A3R2,protein_coding
ENSG00000198542,1.48256646676114E-05,-0.0428216984917111,0.027,0.074,0.184742607423105,0.00302115144090001,ITGBL1,protein_coding
ENSG00000231826,1.50318103952974E-05,0.1263187619812,0.869,0.835,0.1873113893358,0.00302115144090001,LINC01819,lncRNA
ENSG00000006625,1.62333150197173E-05,0.106182580695867,0.961,0.957,0.202283338460697,0.00321084664223329,GGCT,protein_coding
ENSG00000131876,1.85406576426869E-05,0.127586659342735,0.899,0.857,0.231035134885521,0.00360992398258627,SNRPA1,protein_coding
ENSG00000071994,1.90662159327376E-05,-0.110991329101098,0.708,0.774,0.237584116737843,0.00365514025750528,PDCD2,protein_coding
ENSG00000118193,2.05472008182776E-05,0.207076873717088,0.545,0.449,0.256038669396557,0.00387937377873571,KIF14,protein_coding
ENSG00000178209,2.12161459011609E-05,-0.173314786117829,0.931,0.929,0.264374394074366,0.00394588647872188,PLEC,protein_coding
ENSG00000168243,2.18926711956202E-05,-0.0581719054648935,0.079,0.143,0.272804575768624,0.00401183199659741,GNG4,protein_coding
ENSG00000026508,2.40677933990402E-05,-0.155245631377357,1,0.999,0.29990877354544,0.00429926556432758,CD44,protein_coding
ENSG00000109452,2.41512390259956E-05,-0.0452817288737707,0.038,0.09,0.300948589502931,0.00429926556432758,INPP4B,protein_coding
ENSG00000125266,2.5124989865092E-05,-0.11655065697974,0.276,0.371,0.313082498708911,0.00440961265787199,EFNB2,protein_coding
ENSG00000116667,2.6087966848554E-05,-0.0843064542984065,0.365,0.463,0.325082154899832,0.00445318020410728,C1orf21,protein_coding
ENSG00000134508,2.5772030297079E-05,-0.0668547578103864,0.185,0.272,0.321145269531902,0.00445318020410728,CABLES1,protein_coding
ENSG00000102038,3.29338216302885E-05,0.0326719541944837,0.153,0.082,0.410388351335026,0.00539984672809244,SMARCA1,protein_coding
ENSG00000169021,3.27747331163896E-05,0.0784533877716673,0.986,0.987,0.408405949363331,0.00539984672809244,UQCRFS1,protein_coding
ENSG00000197409,3.26776939005298E-05,0.100479354014486,0.372,0.274,0.407196743694501,0.00539984672809244,H3C4,protein_coding
ENSG00000162496,3.58790432491249E-05,-0.073711430560587,0.072,0.134,0.447088757927345,0.00580634750554993,DHRS3,protein_coding
ENSG00000133112,3.68193448338611E-05,-0.080005910854668,0.992,0.996,0.458805855974743,0.00588212635865055,TPT1,protein_coding
ENSG00000196230,4.22076251555523E-05,0.109505175796219,0.995,0.996,0.525949217063337,0.00665758502611819,TUBB,protein_coding
ENSG00000135318,5.26970744406758E-05,-0.198787948412695,0.354,0.441,0.656658244605262,0.00820822805756577,NT5E,protein_coding
ENSG00000107738,6.12885041000455E-05,-0.0735888758180493,0.197,0.282,0.763716049590667,0.00942859320482304,VSIR,protein_coding
ENSG00000138119,6.38984840033953E-05,-0.130938623909214,0.942,0.953,0.796239009166309,0.00971023181910132,MYOF,protein_coding
ENSG00000035115,6.81912358573128E-05,0.127913293288991,0.779,0.694,0.849730990017974,0.0101679596147579,SH3YL1,protein_coding
ENSG00000119333,6.85425413401544E-05,0.119904290775279,0.956,0.95,0.854108607639664,0.0101679596147579,DYNC2I2,protein_coding
ENSG00000136518,7.15051989119353E-05,0.125548015594414,0.794,0.721,0.891026283641626,0.0104826621604897,ACTL6A,protein_coding
ENSG00000135679,7.50844235727799E-05,0.112476689391869,0.458,0.372,0.93562700214041,0.0107543333579358,MDM2,protein_coding
ENSG00000142507,7.48329454285831E-05,0.100533056529734,0.945,0.921,0.932493332985575,0.0107543333579358,PSMB6,protein_coding
ENSG00000131747,7.70382602476501E-05,0.233133357184908,0.837,0.787,0.959973760945967,0.0109087927380224,TOP2A,protein_coding
ENSG00000188486,8.62147034177838E-05,0.134167005557524,0.837,0.774,1,0.0120710271830225,H2AX,protein_coding
ENSG00000139433,8.82205941845374E-05,0.0791210907571316,0.857,0.825,1,0.0122146313792613,GLTP,protein_coding
ENSG00000186591,9.48228656625034E-05,-0.111880278083401,0.733,0.782,1,0.0129844805386863,UBE2H,protein_coding
ENSG00000111275,0.000100040731240798,0.110949456501663,0.544,0.465,1,0.0134248028758994,ALDH2,protein_coding
ENSG00000153113,0.000100193135980952,-0.132984323393722,0.954,0.957,1,0.0134248028758994,CAST,protein_coding
ENSG00000075618,0.000103012593086385,-0.0891978041517224,0.258,0.344,1,0.0136557438558451,FSCN1,protein_coding
ENSG00000053254,0.000107118305551625,0.0775966603761234,0.453,0.368,1,0.0138624521779709,FOXN3,protein_coding
ENSG00000111057,0.000107909305935573,-0.145765948918406,0.987,0.988,1,0.0138624521779709,KRT18,protein_coding
ENSG00000140153,0.000107308822626862,0.0776534173565716,0.438,0.346,1,0.0138624521779709,WDR20,protein_coding
ENSG00000159228,0.00011022657322076,0.102393453084731,0.909,0.891,1,0.014015646213305,CBR1,protein_coding
ENSG00000172531,0.000112319569875508,0.07692421662022,0.973,0.976,1,0.0141172504765843,PPP1CA,protein_coding
ENSG00000234741,0.000113291473209086,-0.095917674369415,0.992,0.988,1,0.0141172504765843,GAS5,lncRNA
ENSG00000171863,0.000120022007122217,0.0667835246125108,0.998,1,1,0.0148078636707915,RPS7,protein_coding
ENSG00000151914,0.000121797264055742,-0.0523391213459771,0.663,0.734,1,0.0148795657588099,DST,protein_coding
ENSG00000172348,0.000127119409813091,-0.0668663217676999,0.174,0.249,1,0.0153789802493294,RCAN2,protein_coding
ENSG00000146674,0.000129022453217938,-0.191474664050475,0.502,0.582,1,0.0154591229764301,IGFBP3,protein_coding
ENSG00000124098,0.000130711156459488,0.10635070932316,0.852,0.81,1,0.0155123021013493,FAM210B,protein_coding
ENSG00000154518,0.000133652196318145,0.0867013864646231,0.97,0.965,1,0.0157116982860415,ATP5MC3,protein_coding
ENSG00000108244,0.000141432251262949,-0.139432164648019,0.915,0.924,1,0.016168690669611,KRT23,protein_coding
ENSG00000147676,0.000141424424349184,-0.135354719910076,0.931,0.935,1,0.016168690669611,MAL2,protein_coding
ENSG00000176890,0.000141011135957031,0.0974724560213667,0.967,0.962,1,0.016168690669611,TYMS,protein_coding
ENSG00000132530,0.000153101420360194,-0.0159908574256475,0.013,0.044,1,0.0173436072646216,XAF1,protein_coding
ENSG00000107779,0.000157530218161635,0.073468075073031,0.408,0.322,1,0.0176845409775868,BMPR1A,protein_coding
ENSG00000141753,0.000162141965722343,0.109868660465696,0.791,0.716,1,0.0177089497285186,IGFBP4,protein_coding
ENSG00000225663,0.000163241687920742,0.100742732013554,0.708,0.666,1,0.0177089497285186,MCRIP1,protein_coding
ENSG00000232124,0.000163432246110235,0.0235258114250259,0.075,0.031,1,0.0177089497285186,,lncRNA
ENSG00000244509,0.000161440811431998,-0.081393976654914,0.513,0.609,1,0.0177089497285186,APOBEC3C,protein_coding
ENSG00000235823,0.000169419570806999,0.128809669763115,0.556,0.485,1,0.0181994592398795,OLMALINC,lncRNA
ENSG00000085063,0.00017243029898998,-0.124047946804687,0.948,0.938,1,0.0183645637240525,CD59,protein_coding
ENSG00000144063,0.000175306721596912,-0.10154594461019,0.48,0.551,1,0.0185126869306705,MALL,protein_coding
ENSG00000180198,0.000185692134016484,0.0767189402670641,0.653,0.562,1,0.0192825806831617,RCC1,protein_coding
ENSG00000198824,0.000184174463350843,0.0806725707663749,0.678,0.612,1,0.0192825806831617,CHAMP1,protein_coding
ENSG00000130429,0.000191254987434724,-0.0913708998460012,0.978,0.975,1,0.0194437690994759,ARPC1B,protein_coding
ENSG00000137700,0.000191925495484755,0.0828359729700687,0.521,0.426,1,0.0194437690994759,SLC37A4,protein_coding
ENSG00000161203,0.000189188216481718,0.110027714414709,0.961,0.938,1,0.0194437690994759,AP2M1,protein_coding
ENSG00000077942,0.000209154520284833,-0.156336374858573,0.748,0.79,1,0.0206217886198266,FBLN1,protein_coding
ENSG00000133216,0.000210173112488402,-0.0322712478735082,0.038,0.082,1,0.0206217886198266,EPHB2,protein_coding
ENSG00000186665,0.000208616047457114,0.0306910319203999,0.262,0.179,1,0.0206217886198266,C17orf58,protein_coding
ENSG00000242125,0.0002055689347097,0.0825747433446369,0.861,0.807,1,0.0206217886198266,SNHG3,lncRNA
ENSG00000123179,0.000215427931384386,0.0995153090662872,0.861,0.824,1,0.0209722457264128,EBPL,protein_coding
ENSG00000111341,0.000219580396489675,-0.371236045396688,0.98,0.979,1,0.0212107854314562,MGP,protein_coding
ENSG00000074071,0.00022472443957063,0.0964486746131796,0.955,0.953,1,0.0215407018576125,MRPS34,protein_coding
ENSG00000089220,0.000232950270726484,0.0752370666531403,0.98,0.978,1,0.0216626367427069,PEBP1,protein_coding
ENSG00000144029,0.000230034234236501,0.110762317126913,0.934,0.912,1,0.0216626367427069,MRPS5,protein_coding
ENSG00000174547,0.000231613588899362,0.0943421876353738,0.922,0.909,1,0.0216626367427069,MRPL11,protein_coding
ENSG00000253438,0.000232416359258218,0.0558936846829623,0.125,0.069,1,0.0216626367427069,PCAT1,lncRNA
ENSG00000089009,0.000236732908399846,0.0691570597134294,0.997,0.997,1,0.0218513242338554,RPL6,protein_coding
ENSG00000151498,0.000244977485362396,0.0635413474534493,0.318,0.231,1,0.0224460620963296,ACAD8,protein_coding
ENSG00000099817,0.00025489825873317,0.0895043190097011,0.898,0.875,1,0.0230248175641318,POLR2E,protein_coding
ENSG00000148908,0.000256837303700692,-0.120674696621202,0.897,0.899,1,0.0230248175641318,RGS10,protein_coding
ENSG00000272068,0.0002557987698977,-0.0129664384607403,0.013,0.043,1,0.0230248175641318,BCAN-AS1,lncRNA
ENSG00000162552,0.000261553925345097,0.049394071186943,0.247,0.172,1,0.0232801675980375,WNT4,protein_coding
ENSG00000040275,0.000270695287601742,0.116126163252384,0.751,0.681,1,0.0239219679487259,SPDL1,protein_coding
ENSG00000143469,0.000272604080629089,-0.0581656507955247,0.094,0.156,1,0.0239219679487259,SYT14,protein_coding
ENSG00000090520,0.000278635177353413,0.100251111415872,0.728,0.675,1,0.0242504884615893,DNAJB11,protein_coding
ENSG00000099624,0.000280239975802011,0.0853658851783456,0.959,0.96,1,0.0242504884615893,ATP5F1D,protein_coding
ENSG00000163041,0.000294606252813841,0.0843460598279968,0.997,0.997,1,0.0249733912674372,H3-3A,protein_coding
ENSG00000167700,0.000293799462555975,0.0747920101227719,0.653,0.579,1,0.0249733912674372,MFSD3,protein_coding
ENSG00000183648,0.000292800752330569,0.0897938549256634,0.97,0.954,1,0.0249733912674372,NDUFB1,protein_coding
ENSG00000163993,0.000303352977100773,-0.0774711947603749,0.077,0.131,1,0.0254186064592369,S100P,protein_coding
ENSG00000176102,0.000303938075790571,0.0889651858946527,0.943,0.935,1,0.0254186064592369,CSTF3,protein_coding
ENSG00000176912,0.000310617931126642,0.100037387762108,0.772,0.735,1,0.0258040669317939,TYMSOS,lncRNA
ENSG00000178999,0.000315929057998664,0.142485871044686,0.634,0.582,1,0.0259033770960506,AURKB,protein_coding
ENSG00000130312,0.000325924788854153,0.0987735922838915,0.908,0.9,1,0.0265447633588994,MRPL34,protein_coding
ENSG00000125445,0.000333566121571662,0.0718353415230646,0.943,0.932,1,0.0266737400772665,MRPS7,protein_coding
ENSG00000147100,0.000330963239711177,-0.108387293682075,0.402,0.487,1,0.0266737400772665,SLC16A2,protein_coding
ENSG00000185950,0.000333930138195456,-0.130980719143985,0.649,0.725,1,0.0266737400772665,IRS2,protein_coding
ENSG00000231426,0.000337004901840118,-0.0370616029536444,0.005,0.026,1,0.0267478858715268,FILNC1,lncRNA
ENSG00000103534,0.000358053614144641,-0.061863498622377,0.099,0.16,1,0.0282028201638503,TMC5,protein_coding
ENSG00000117713,0.000359862643933247,0.0661250320919494,0.742,0.668,1,0.0282028201638503,ARID1A,protein_coding
ENSG00000013364,0.000365493835497128,-0.0938444147626518,0.235,0.301,1,0.0284651167758107,MVP,protein_coding
ENSG00000231131,0.000376752270294447,-0.0695528390809048,0.138,0.206,1,0.029159689690305,LNCAROD,lncRNA
ENSG00000136810,0.000382727076585468,-0.0891478648268507,0.971,0.979,1,0.0292586631983529,TXN,protein_coding
ENSG00000188042,0.000382564838903237,-0.143593947116236,0.798,0.832,1,0.0292586631983529,ARL4C,protein_coding
ENSG00000104852,0.000401244965030604,0.096320913222234,0.942,0.91,1,0.0304872774954046,SNRNP70,protein_coding
ENSG00000140451,0.000409140536631378,0.131840768978536,0.256,0.184,1,0.0308987892543249,PIF1,protein_coding
ENSG00000144366,0.000411712729793082,-0.00838469482503022,0.003,0.024,1,0.0309057369033229,GULP1,protein_coding
ENSG00000198836,0.000432042516608553,0.0810755903389057,0.509,0.421,1,0.0322376155656238,OPA1,protein_coding
ENSG00000170312,0.000442121659941783,0.174358761503876,0.826,0.768,1,0.0327933214555628,CDK1,protein_coding
ENSG00000185479,0.000451427768489044,-0.211166843768138,0.28,0.346,1,0.0332854522079407,KRT6B,protein_coding
ENSG00000073282,0.00046521930060282,0.0215950652651496,0.078,0.035,1,0.0333386903485173,TP63,protein_coding
ENSG00000178053,0.000459607579063783,-0.0884837340831116,0.401,0.478,1,0.0333386903485173,MLF1,protein_coding
ENSG00000184924,0.000463186575718935,0.0985556833964842,0.859,0.828,1,0.0333386903485173,PTRHD1,protein_coding
ENSG00000204592,0.000465527013934837,-0.0961915754947742,0.834,0.869,1,0.0333386903485173,HLA-E,protein_coding
ENSG00000230124,0.000462466357500983,0.0990774699894781,0.893,0.859,1,0.0333386903485173,ACBD6,protein_coding
ENSG00000090530,0.000475263530132188,-0.102258613032988,0.279,0.35,1,0.0336491980055522,P3H2,protein_coding
ENSG00000138668,0.000473880697540646,0.0999020957153083,0.965,0.963,1,0.0336491980055522,HNRNPD,protein_coding
ENSG00000080986,0.000483590113759732,0.144471420532893,0.76,0.704,1,0.0340452904381922,NDC80,protein_coding
ENSG00000115241,0.000487370404890173,0.0930627267052371,0.983,0.974,1,0.0341186663782947,PPM1G,protein_coding
ENSG00000111716,0.000498125369129907,0.0792047520272972,0.97,0.966,1,0.0346767610319987,LDHB,protein_coding
ENSG00000277443,0.000507966038762745,0.110783359238773,0.97,0.965,1,0.0351653600501254,MARCKS,protein_coding
ENSG00000122644,0.000523491785688763,0.119219259276511,0.753,0.715,1,0.0357041026748935,ARL4A,protein_coding
ENSG00000177879,0.0005293566914709,-0.0796076262065207,0.408,0.484,1,0.0357041026748935,AP3S1,protein_coding
ENSG00000188015,0.00053007455219126,0.0495316222298235,0.515,0.437,1,0.0357041026748935,S100A3,protein_coding
ENSG00000204922,0.000526248438770441,0.0817824622684442,0.931,0.928,1,0.0357041026748935,UQCC3,protein_coding
ENSG00000240541,0.000522806339391331,-0.0528465261484015,0.114,0.172,1,0.0357041026748935,TM4SF1-AS1,lncRNA
ENSG00000156411,0.000548309008778939,0.0827474741096914,0.97,0.953,1,0.0367337556902923,ATP5MJ,protein_coding
ENSG00000075856,0.000565268790807391,0.0544313519940431,0.635,0.553,1,0.0376667999768065,SART3,protein_coding
ENSG00000167393,0.000568281710588205,0.0678035559403341,0.33,0.249,1,0.0376667999768065,PPP2R3B,protein_coding
ENSG00000111665,0.000575407568685651,0.118624510597408,0.51,0.431,1,0.0377701941960638,CDCA3,protein_coding
ENSG00000176485,0.000575903771547397,-0.11799285410727,0.638,0.685,1,0.0377701941960638,PLAAT3,protein_coding
ENSG00000198771,0.000581414379319959,0.0717805138159532,0.12,0.069,1,0.0379319611555288,RCSD1,protein_coding
ENSG00000102359,0.00058964663512624,-0.0741097997149068,0.189,0.26,1,0.0382322143351821,SRPX2,protein_coding
ENSG00000171865,0.000592152906403189,0.100198015360393,0.915,0.888,1,0.0382322143351821,RNASEH1,protein_coding
ENSG00000086570,0.000619955853808911,0.0529775798274383,0.107,0.057,1,0.0394222629887227,FAT2,protein_coding
ENSG00000145386,0.000619769642878059,0.130381997009951,0.595,0.54,1,0.0394222629887227,CCNA2,protein_coding
ENSG00000188910,0.000620075719909288,-0.0633969410867712,0.222,0.3,1,0.0394222629887227,GJB3,protein_coding
ENSG00000087884,0.000629261443132112,-0.0995309241130564,0.792,0.819,1,0.0398031819434987,AAMDC,protein_coding
ENSG00000255690,0.000640503653609179,0.0194473504264964,0.106,0.056,1,0.0403096769071918,TRIL,protein_coding
ENSG00000177030,0.000649367572001214,0.0676891129731968,0.482,0.4,1,0.0406621573603373,DEAF1,protein_coding
ENSG00000124102,0.000667274038158478,0.0892374298029251,0.285,0.209,1,0.0407610986754099,PI3,protein_coding
ENSG00000148671,0.000656874129256862,-0.197742899876512,0.851,0.869,1,0.0407610986754099,ADIRF,protein_coding
ENSG00000167754,0.000667303116104938,-0.10780621502318,0.969,0.968,1,0.0407610986754099,KLK5,protein_coding
ENSG00000183696,0.000660669496823076,-0.153412550757794,0.954,0.94,1,0.0407610986754099,UPP1,protein_coding
ENSG00000242265,0.00066349126476588,0.139354579901585,0.991,0.978,1,0.0407610986754099,PEG10,protein_coding
ENSG00000107438,0.000674069010196112,-0.0898604461997042,0.602,0.662,1,0.0407746307575425,PDLIM1,protein_coding
ENSG00000180035,0.000672398485954744,0.0493431624272402,0.23,0.163,1,0.0407746307575425,ZNF48,protein_coding
ENSG00000065882,0.000687300059351221,-0.122636640569922,0.641,0.681,1,0.0412606175992372,TBC1D1,protein_coding
ENSG00000126777,0.000688725500412594,0.085322219080366,0.994,0.999,1,0.0412606175992372,KTN1,protein_coding
ENSG00000172922,0.000693461507090239,0.0970574570549971,0.857,0.835,1,0.0413455686117295,RNASEH2C,protein_coding
ENSG00000228716,0.000697907436329436,0.0864976000475484,0.868,0.824,1,0.0414124979242909,DHFR,protein_coding
ENSG00000003096,0.000702926563943601,0.0593707840430829,0.288,0.212,1,0.0415126441388683,KLHL13,protein_coding
ENSG00000283235,0.000714167267974477,-0.00877575532475036,0,0.013,1,0.0419775392746696,,lncRNA
ENSG00000165949,0.000722352829500989,-0.17388134768564,0.041,0.081,1,0.0422593361897269,IFI27,protein_coding
ENSG00000114115,0.000738284706986544,-0.146975146102285,0.844,0.843,1,0.0427896080639969,RBP1,protein_coding
ENSG00000197467,0.000735853021943854,-0.0734506422897694,0.159,0.226,1,0.0427896080639969,COL13A1,protein_coding
ENSG00000126878,0.000742671050426519,0.0589067802874004,0.735,0.65,1,0.0428445553674299,AIF1L,protein_coding
ENSG00000159055,0.000747223593429425,0.0830057746701442,0.597,0.529,1,0.0428579081558916,MIS18A,protein_coding
ENSG00000224259,0.000749781235694115,-0.166551558637803,0.451,0.524,1,0.0428579081558916,LINC01133,lncRNA
ENSG00000277283,0.000756594819256528,0.0170870558293566,0.113,0.062,1,0.04304989973861,,lncRNA
ENSG00000109654,0.000760303884082114,-0.0576137910522089,0.233,0.303,1,0.0430643031797601,TRIM2,protein_coding
ENSG00000029993,0.000777943764016141,0.109760595909162,0.973,0.944,1,0.0438640599249101,HMGB3,protein_coding
ENSG00000126216,0.000790087304415335,0.100081042804555,0.607,0.516,1,0.0442153805644127,TUBGCP3,protein_coding
ENSG00000137965,0.000791271155273576,-0.0293561332689848,0.039,0.079,1,0.0442153805644127,IFI44,protein_coding
ENSG00000132746,0.000801696674347669,0.0944169255950861,0.652,0.588,1,0.0443997433735391,ALDH3B2,protein_coding
ENSG00000261122,0.00080045792726547,0.0654344322440657,0.24,0.176,1,0.0443997433735391,LINC02167,lncRNA
ENSG00000172893,0.000813815046014507,0.0860584808597233,0.869,0.815,1,0.04487145702826,DHCR7,protein_coding
ENSG00000124575,0.000822664683387589,0.139704508087438,0.465,0.378,1,0.0450504134957149,H1-3,protein_coding
ENSG00000176101,0.000824291331114918,0.0910442937184892,0.933,0.932,1,0.0450504134957149,SSNA1,protein_coding
ENSG00000006125,0.000843498008872564,-0.141387443848145,0.768,0.788,1,0.0452208522705594,AP2B1,protein_coding
ENSG00000079931,0.000848571470111516,-0.0440238489113824,0.113,0.171,1,0.0452208522705594,MOXD1,protein_coding
ENSG00000136824,0.000845270242939704,0.133998328608287,0.832,0.759,1,0.0452208522705594,SMC2,protein_coding
ENSG00000138735,0.000837108709741578,-0.104238209533013,0.243,0.31,1,0.0452208522705594,PDE5A,protein_coding
ENSG00000151748,0.000847685013579729,-0.105329415683947,0.654,0.687,1,0.0452208522705594,SAV1,protein_coding
ENSG00000170558,0.000849183807985787,-0.0125061406410075,0.002,0.019,1,0.0452208522705594,CDH2,protein_coding
ENSG00000134690,0.000854171723597813,0.146362687474656,0.675,0.626,1,0.0452929099904355,CDCA8,protein_coding
ENSG00000143546,0.000865031993085334,0.117170201873786,0.143,0.087,1,0.0456744223128659,S100A8,protein_coding
ENSG00000166794,0.000870871285615358,0.0760490676942274,0.969,0.969,1,0.0457887218989577,PPIB,protein_coding
ENSG00000143322,0.000874960186861661,-0.123859628691998,0.56,0.616,1,0.0458104154978284,ABL2,protein_coding
ENSG00000117115,0.000879726926131077,0.0786402592320543,0.549,0.476,1,0.0458672687302065,PADI2,protein_coding
ENSG00000112242,0.000917272373401984,-0.116629142387991,0.748,0.799,1,0.0476255460206755,E2F3,protein_coding
ENSG00000120594,0.000924129713807061,0.0709167316027802,0.789,0.709,1,0.0477824911358912,PLXDC2,protein_coding
ENSG00000089685,0.000961752553150789,0.120011194730219,0.928,0.91,1,0.0493566103693651,BIRC5,protein_coding
ENSG00000135390,0.000962495491513981,0.0936890691024364,0.951,0.937,1,0.0493566103693651,ATP5MC2,protein_coding
ENSG00000213190,0.000969811980224391,0.0295228742431168,0.194,0.131,1,0.0494134010926502,MLLT11,protein_coding
ENSG00000250802,0.000971533847018642,0.0166618515997775,0.056,0.022,1,0.0494134010926502,ZBED3-AS1,lncRNA
ENSG00000134333,0.00103741765195982,-0.121086765226599,0.966,0.969,1,0.0525498429311841,LDHA,protein_coding
ENSG00000122952,0.00104189382277858,0.102771070287762,0.776,0.722,1,0.0525629106301371,ZWINT,protein_coding
ENSG00000012124,0.00105760082046606,-0.00101440180555803,0.035,0.072,1,0.0531401767089821,CD22,protein_coding
ENSG00000167985,0.00106330033010979,0.07407170760208,0.749,0.715,1,0.0532119896124419,SDHAF2,protein_coding
ENSG00000169288,0.00107269111851319,0.0900155541058175,0.789,0.75,1,0.0534672161111717,MRPL1,protein_coding
ENSG00000125868,0.00107815316917505,-0.0703108516164765,0.979,0.982,1,0.0535253651039455,DSTN,protein_coding
ENSG00000171792,0.00109090949880256,0.061807728797674,0.425,0.349,1,0.0539437431134077,RHNO1,protein_coding
ENSG00000143870,0.00109877505122071,0.0737716667979966,0.981,0.984,1,0.0541179285109139,PDIA6,protein_coding
ENSG00000258920,0.00111130483567457,0.0363282971149839,0.199,0.134,1,0.0545195651863811,FOXN3-AS1,lncRNA
ENSG00000117525,0.00111994577230505,-0.0592123482251264,0.238,0.313,1,0.0547280167399734,F3,protein_coding
ENSG00000101384,0.00113688306054748,-0.0681864265619987,0.23,0.3,1,0.054909689215047,JAG1,protein_coding
ENSG00000130816,0.00113304994231502,0.117412900833428,0.999,0.996,1,0.054909689215047,DNMT1,protein_coding
ENSG00000156299,0.00113457084859498,-0.0544690160976183,0.369,0.446,1,0.054909689215047,TIAM1,protein_coding
ENSG00000124380,0.00114846369218743,0.105410873034031,0.88,0.844,1,0.0552548496847396,SNRNP27,protein_coding
ENSG00000149262,0.00115936389349529,0.048191245473881,0.348,0.276,1,0.0553518524017043,INTS4,protein_coding
ENSG00000171345,0.00115884646381913,-0.0970768981691412,0.997,0.997,1,0.0553518524017043,KRT19,protein_coding
ENSG00000171848,0.00118719122301514,0.141328964708786,0.837,0.771,1,0.056464083320579,RRM2,protein_coding
ENSG00000136522,0.00122543073614428,0.0828290223697314,0.842,0.801,1,0.0580256146461719,MRPL47,protein_coding
ENSG00000168610,0.00122933651124223,-0.121853771292852,0.807,0.859,1,0.0580256146461719,STAT3,protein_coding
ENSG00000184990,0.00126095115152438,0.0813321291870328,0.94,0.941,1,0.0592932539590388,SIVA1,protein_coding
ENSG00000116698,0.00127603359938413,-0.126697849995615,0.685,0.735,1,0.0597306687620001,SMG7,protein_coding
ENSG00000127419,0.00127984018613707,0.0428221905904797,0.2,0.14,1,0.0597306687620001,TMEM175,protein_coding
ENSG00000089127,0.00129019416185097,-0.0734691137565444,0.15,0.21,1,0.0599892143687498,OAS1,protein_coding
ENSG00000182197,0.00130566316952414,-0.0510614707234351,0.663,0.712,1,0.0604827834774732,EXT1,protein_coding
ENSG00000156011,0.00132316219285347,0.0448346893718632,0.145,0.091,1,0.061066385500545,PSD3,protein_coding
ENSG00000160298,0.00133032902658854,0.118401681566026,0.796,0.709,1,0.0611705904070841,C21orf58,protein_coding
ENSG00000131981,0.00134552130544284,-0.111981117426297,0.945,0.935,1,0.0616416948056002,LGALS3,protein_coding
ENSG00000124795,0.00137870355198597,0.0796547118328812,0.993,0.997,1,0.0627327072316881,DEK,protein_coding
ENSG00000173141,0.00137940468513623,0.0938323839580004,0.956,0.943,1,0.0627327072316881,MRPL57,protein_coding
ENSG00000179271,0.0013911604222899,0.0708375375757671,0.965,0.969,1,0.0630372728078342,GADD45GIP1,protein_coding
ENSG00000174775,0.00140506422145272,0.0876331010673492,0.927,0.896,1,0.0634366132736317,HRAS,protein_coding
ENSG00000102974,0.0014227701863686,0.125466728667849,0.758,0.674,1,0.0638815243062809,CTCF,protein_coding
ENSG00000142208,0.00142563667618826,0.0549463623588631,0.893,0.851,1,0.0638815243062809,AKT1,protein_coding
ENSG00000205581,0.00143029815275278,0.0466000422978277,0.994,0.997,1,0.0638815243062809,HMGN1,protein_coding
ENSG00000162599,0.00144677380998073,0.0859543395137292,0.64,0.574,1,0.064157467779964,NFIA,protein_coding
ENSG00000251602,0.00144673592460029,0.0382823350157929,0.177,0.121,1,0.064157467779964,,lncRNA
ENSG00000136098,0.00145270866408643,0.0799351528786293,0.288,0.219,1,0.0641922080254646,NEK3,protein_coding
ENSG00000149212,0.0014622275703415,0.07175146725231,0.235,0.174,1,0.0643845150318921,SESN3,protein_coding
ENSG00000130340,0.00147211952937523,-0.0468740883377899,0.436,0.499,1,0.064591836111073,SNX9,protein_coding
ENSG00000136108,0.00148924217928054,0.137100152957868,0.698,0.635,1,0.0650052659120014,CKAP2,protein_coding
ENSG00000171346,0.00149352559685957,-0.178530659963502,0.876,0.885,1,0.0650052659120014,KRT15,protein_coding
ENSG00000204264,0.00149719214483143,-0.0997785362013575,0.822,0.824,1,0.0650052659120014,PSMB8,protein_coding
ENSG00000106153,0.00152458875099549,-0.0635324500410475,0.994,0.996,1,0.0659649320352595,CHCHD2,protein_coding
ENSG00000186847,0.00154287510553146,-0.241690766322256,0.36,0.437,1,0.0665251442561507,KRT14,protein_coding
ENSG00000165507,0.00154926214968866,-0.0419471165233758,0.18,0.246,1,0.0665701918871393,DEPP1,protein_coding
ENSG00000105767,0.00160149935919093,0.0681808284201116,0.453,0.375,1,0.0683434366947883,CADM4,protein_coding
ENSG00000171861,0.00160014319912892,0.0568601662714553,0.364,0.297,1,0.0683434366947883,MRM3,protein_coding
ENSG00000188229,0.00164292082965663,0.103603550353897,0.986,0.984,1,0.0698717967861817,TUBB4B,protein_coding
ENSG00000119655,0.00167553353587874,-0.0975900196384305,0.863,0.875,1,0.071016406090425,NPC2,protein_coding
ENSG00000189266,0.00171041517077855,0.119322380198413,0.797,0.735,1,0.0722490964171915,PNRC2,protein_coding
ENSG00000071073,0.0017181017010609,0.081307310174296,0.523,0.46,1,0.0722540855277734,MGAT4A,protein_coding
ENSG00000154723,0.00172792853601448,0.0788186235332686,0.974,0.963,1,0.0722540855277734,ATP5PF,protein_coding
ENSG00000253293,0.00172227131480301,-0.0287347564735266,0.087,0.137,1,0.0722540855277734,HOXA10,protein_coding
ENSG00000114416,0.00175324321555867,0.113392714880912,0.855,0.851,1,0.072937273059437,FXR1,protein_coding
ENSG00000167397,0.0017559731897786,0.0891200362133011,0.875,0.843,1,0.072937273059437,VKORC1,protein_coding
ENSG00000163882,0.00177131864652569,0.0793295323790748,0.891,0.884,1,0.0733302380543409,POLR2H,protein_coding
ENSG00000133131,0.00180905908908321,-0.0947903038353226,0.463,0.528,1,0.0741535700956115,MORC4,protein_coding
ENSG00000151849,0.00180380853531799,0.0828635682246678,0.473,0.4,1,0.0741535700956115,CENPJ,protein_coding
ENSG00000187608,0.00180850931450295,-0.236138282785888,0.566,0.593,1,0.0741535700956115,ISG15,protein_coding
ENSG00000175592,0.00182311431594224,-0.0640068805804822,0.639,0.706,1,0.0744846802982172,FOSL1,protein_coding
ENSG00000155368,0.00185195511702169,0.0785798905447019,0.969,0.968,1,0.0754157278209389,DBI,protein_coding
ENSG00000162614,0.00189904920177759,-0.0600256235053461,0.285,0.353,1,0.0770816029425098,NEXN,protein_coding
ENSG00000250722,0.00194203880450904,0.046117328770041,0.19,0.129,1,0.078570602412296,SELENOP,protein_coding
ENSG00000152795,0.00195599777592563,0.0836993649440303,0.981,0.968,1,0.0788792501158875,HNRNPDL,protein_coding
ENSG00000170471,0.00197898812496436,0.0334334119047933,0.338,0.263,1,0.0795489387909059,RALGAPB,protein_coding
ENSG00000137267,0.00199842262538528,-0.0901661009694326,0.574,0.626,1,0.0800053960417569,TUBB2A,protein_coding
ENSG00000175449,0.00200318462122046,0.0232236310940282,0.087,0.047,1,0.0800053960417569,RFESD,protein_coding
ENSG00000137312,0.00202462431139227,-0.0711762398010612,0.79,0.806,1,0.0806033340072175,FLOT1,protein_coding
ENSG00000013810,0.00203992284227902,0.0877388442187921,0.742,0.66,1,0.0809537533045823,TACC3,protein_coding
ENSG00000121864,0.00207315762078203,0.0758671263080576,0.431,0.362,1,0.0817519528878636,ZNF639,protein_coding
ENSG00000237512,0.00207085112370244,-0.0649363995585718,0.226,0.297,1,0.0817519528878636,UNC5B-AS1,lncRNA
ENSG00000075234,0.00208225558108275,-0.0446599219965773,0.221,0.281,1,0.0818516933623727,TTC38,protein_coding
ENSG00000099785,0.00209678715561378,-0.0456839614101226,0.206,0.272,1,0.082163725616677,MARCHF2,protein_coding
ENSG00000111335,0.00211386667269803,-0.0144199292242917,0.005,0.022,1,0.0825733310610976,OAS2,protein_coding
ENSG00000167272,0.00213571772692883,0.0736649757223895,0.859,0.825,1,0.083019433486655,POP5,protein_coding
ENSG00000247746,0.00213861151987932,0.040796301243453,0.113,0.068,1,0.083019433486655,USP51,protein_coding
ENSG00000137699,0.00218816816883664,0.100746654126237,0.663,0.606,1,0.0841566776292387,TRIM29,protein_coding
ENSG00000163659,0.00218232275769728,-0.0658125256757346,0.24,0.304,1,0.0841566776292387,TIPARP,protein_coding
ENSG00000188313,0.00218125971768527,-0.138187448652749,0.757,0.781,1,0.0841566776292387,PLSCR1,protein_coding
ENSG00000141644,0.0022547517512464,-0.0627229805175012,0.37,0.431,1,0.0864506509916351,MBD1,protein_coding
ENSG00000134222,0.00228451492885286,0.0986179067249928,0.49,0.425,1,0.0872871533829966,PSRC1,protein_coding
ENSG00000171617,0.0022905785375363,0.0930310070553584,0.879,0.846,1,0.0872871533829966,ENC1,protein_coding
ENSG00000197958,0.00230822086400526,-0.046259283832697,0.99,0.987,1,0.0876912810560049,RPL12,protein_coding
ENSG00000129187,0.00234546977211719,0.0400626294839306,0.393,0.313,1,0.0882637872184491,DCTD,protein_coding
ENSG00000165215,0.00235162325307159,0.0686440761165618,0.779,0.715,1,0.0882637872184491,CLDN3,protein_coding
ENSG00000262814,0.0023466063326296,0.0661879850636466,0.943,0.934,1,0.0882637872184491,MRPL12,protein_coding
ENSG00000286522,0.00234215979407371,0.119823424963482,0.489,0.429,1,0.0882637872184491,H3C2,protein_coding
ENSG00000134874,0.00237308255164027,0.0758891125950033,0.574,0.513,1,0.0888017467747431,DZIP1,protein_coding
ENSG00000170906,0.00239741544103985,0.0875800453840008,0.926,0.884,1,0.0891370505675305,NDUFA3,protein_coding
ENSG00000175193,0.00240350284814142,0.0832325826997717,0.674,0.612,1,0.0891370505675305,PARL,protein_coding
ENSG00000197429,0.00239756630435135,0.0639844507046735,0.204,0.147,1,0.0891370505675305,IPP,protein_coding
ENSG00000198931,0.00242013154154994,0.0740434049290148,0.971,0.969,1,0.089487415843483,APRT,protein_coding
ENSG00000183684,0.00243195339708527,0.0756634968361294,0.937,0.932,1,0.0896584949144365,ALYREF,protein_coding
ENSG00000184260,0.00244563863288171,0.106944369917095,0.603,0.531,1,0.0898970590098496,H2AC20,protein_coding
ENSG00000183734,0.00246464750448242,0.0266618971459604,0.106,0.062,1,0.0903293310392807,ASCL2,protein_coding
ENSG00000042753,0.00250271980654052,0.0647127243834862,0.962,0.956,1,0.0906581148526203,AP2S1,protein_coding
ENSG00000100813,0.00248394079830057,0.0952921139389746,0.87,0.826,1,0.0906581148526203,ACIN1,protein_coding
ENSG00000106615,0.00250043792551758,-0.0957665919495241,0.938,0.943,1,0.0906581148526203,RHEB,protein_coding
ENSG00000183049,0.00249947322515863,-0.0834143737116365,0.47,0.538,1,0.0906581148526203,CAMK1D,protein_coding
ENSG00000135870,0.00251654182929863,0.0612973445252196,0.531,0.454,1,0.0908945731446095,RC3H1,protein_coding
ENSG00000035141,0.00253995340759088,0.0843647943162036,0.915,0.91,1,0.0909783220954119,FAM136A,protein_coding
ENSG00000064651,0.00256572678290911,-0.0479224960200432,0.696,0.734,1,0.0909783220954119,SLC12A2,protein_coding
ENSG00000084774,0.00255427146295852,0.0493961672885631,0.713,0.64,1,0.0909783220954119,CAD,protein_coding
ENSG00000109881,0.0025772688949266,0.104124438037059,0.942,0.918,1,0.0909783220954119,CCDC34,protein_coding
ENSG00000134882,0.00255479637849351,0.105441084737859,0.706,0.644,1,0.0909783220954119,UBAC2,protein_coding
ENSG00000145390,0.00257311643875069,-0.120040087006366,0.525,0.584,1,0.0909783220954119,USP53,protein_coding
ENSG00000168298,0.00257280020308066,0.117304101619036,0.636,0.565,1,0.0909783220954119,H1-4,protein_coding
ENSG00000226197,0.00255191088919086,0.021145988100769,0.077,0.04,1,0.0909783220954119,,lncRNA
ENSG00000107164,0.00260837228495445,0.0707298912854233,0.589,0.51,1,0.0913003568618467,FUBP3,protein_coding
ENSG00000159450,0.00260317250315136,-0.0588088369170632,0.184,0.247,1,0.0913003568618467,TCHH,protein_coding
ENSG00000169062,0.00260303946517311,0.045463496152897,0.964,0.966,1,0.0913003568618467,UPF3A,protein_coding
ENSG00000147614,0.00264721476001049,-0.0837998073172702,0.58,0.643,1,0.0921422992304211,ATP6V0D2,protein_coding
ENSG00000163491,0.00264209259023492,0.045395403574992,0.053,0.024,1,0.0921422992304211,NEK10,protein_coding
ENSG00000174705,0.00269911400858447,-0.0801522181701154,0.46,0.518,1,0.0934268323915865,SH3PXD2B,protein_coding
ENSG00000254024,0.0026991017706202,-0.0197578678830438,0.059,0.1,1,0.0934268323915865,,lncRNA
ENSG00000196924,0.00274333073394624,-0.135828815917785,0.997,0.997,1,0.0946943054728646,FLNA,protein_coding
ENSG00000146425,0.00276422194855211,0.0825343048855049,0.926,0.894,1,0.0951518500025079,DYNLT1,protein_coding
ENSG00000029364,0.00281050709398498,-0.0422308405260867,0.26,0.328,1,0.096478592005914,SLC39A9,protein_coding
ENSG00000160789,0.0028504442928139,-0.0754200411571091,0.997,0.999,1,0.0970475036414043,LMNA,protein_coding
ENSG00000173928,0.00284377586270143,0.032018410335473,0.386,0.313,1,0.0970475036414043,SWSAP1,protein_coding
ENSG00000184207,0.00285016336848472,0.0878059631540307,0.894,0.86,1,0.0970475036414043,PGP,protein_coding
ENSG00000179059,0.00285969863069016,-0.00455979265894127,0,0.01,1,0.0970972878393192,ZFP42,protein_coding
ENSG00000077152,0.00288580278416816,0.109262483595163,0.9,0.868,1,0.0977173600367377,UBE2T,protein_coding
ENSG00000229989,0.00290265962950176,0.0634041303518185,0.148,0.099,1,0.0980217930710608,MIR181A1HG,lncRNA
ENSG00000138430,0.00291959723972859,-0.0994154820851141,0.94,0.959,1,0.0983273005520485,OLA1,protein_coding
ENSG00000171320,0.00296350432618176,0.0545826503591444,0.405,0.332,1,0.0990344341973941,ESCO2,protein_coding
ENSG00000177508,0.0029644365585128,0.127919666913228,0.926,0.903,1,0.0990344341973941,IRX3,protein_coding
ENSG00000225383,0.00295137322701934,0.0813452048326325,0.632,0.582,1,0.0990344341973941,SFTA1P,lncRNA
ENSG00000116991,0.00297424181512614,0.0846021518247947,0.704,0.649,1,0.0990963295676118,SIPA1L2,protein_coding
ENSG00000109089,0.00299911088814758,-0.0669986419804023,0.295,0.36,1,0.0996584554058852,CDR2L,protein_coding
